ResponseId,Q1,Q2,Q2_20_TEXT,Q2_28_TEXT,Q2_36_TEXT,Q2_45_TEXT,Q2_51_TEXT,Q2_53_TEXT,MAJOR_CATEGORY,Q3,Q3_11_TEXT,Q4,Q4_6_TEXT,Q5,Q5_8_TEXT,Q6,Q7,Q7_20_TEXT,Q7_28_TEXT,Q7_36_TEXT,Q7_45_TEXT,Q7_51_TEXT,Q7_53_TEXT,STUDY_CATEGORY,Q8,Q8_12_TEXT,Q9,Q9_7_TEXT,Q10,Q10_6_TEXT,Q11,Q11_9_TEXT,Q12,Q12_5_TEXT,Q13,Q13_9_TEXT,Q14
R_1ghf8xJrVXbbkuJ,"Master's student,PhD student","Arts, Media & Design",,,,,,,AandH,Youtube Videos,,"Studying for course material,Sharing study documents",,Goodnotes,,Yes,Biology,,,,,,,AandH,Paper-pen notes,,Talked about topics out loud,,"Text message (iMessage, SMS/MMS, etc),Email",,Notes you created,,Small student-made class group chats,,Figma Community,,Strongly disagree
R_1mJIzOkTM39eIoR,Undergraduate student,Language & Literature,,,,,,,AandH,Canva,,Other (please specify),Advertising ,Google Docs,,No,,,,,,,,,,,,,,,,,Student clubs and organizations,,"Instagram,Slack",,
R_A6ySdYTmAuABsE9,Undergraduate student,Other STEM subjects (please specify),Cognitive Science,,,,,,STEM,"Canva,Notion",,"Studying for course material,Organization",,"Notability,Notion",,Yes,Other STEM subjects (please specify),Neuroscience,,,,,,STEM,I have not shared any physical documents with my study group,,"Talked about topics out loud,Quizzed each other on topics",,"Text message (iMessage, SMS/MMS, etc),Communication channels (Slack, Discord, Whatsapp, Facebook messenger, etc),Cloud Storage Services (Dropbox, Google Drive, etc)",,Notes you created,,"Small student-made class group chats,Large student-made class group chats or discords",,"Slack,Discord",,Somewhat disagree
R_414qzLh0YJf4L2p,Undergraduate student,"Computer Science,Psychology,Sociology,Language & Literature",,,,,,,STEM,"Canva,Anki,Chegg,Course Hero,Quizlet,Notion,Youtube Videos",,"Studying for course material,Seeking homework and exam help,Sharing study documents,Organization",,"Goodnotes,Notability,Notion,Google Docs,Notes app,Physical pen and paper notes",,No,,,,,,,,,,,,,,,,,"Small student-made class group chats,Large student-made class group chats or discords,Student clubs and organizations,Online forums",,"Slack,Discord,Other (please specify)",iMessage,
R_wUmCGtAmACqmP29,Undergraduate student,"Space & Astronomy,Anthropology,Language & Literature",,,,,,,STEM,"Course Hero,Khan Academy,Youtube Videos",,"Studying for course material,Seeking homework and exam help",,Other (please specify),Word,No,,,,,,,,,,,,,,,,,"Instructor-assigned groups,Online forums",,I don't share resources online,,
R_2yqsXZ8k0z0Wdx8,Recent graduate,"Computer Science,Other STEM subjects (please specify)",Operations Research,,,,,,STEM,"Canva,Course Hero,Youtube Videos",,"Studying for course material,Seeking homework and exam help,Sharing study documents",,"Notability,Google Docs,Physical pen and paper notes",,Yes,Computer Science,,,,,,,STEM,I have not shared any physical documents with my study group,,"Talked about topics out loud,Talked through a homework problem,Compared homework or test answers",,"Communication channels (Slack, Discord, Whatsapp, Facebook messenger, etc),Cloud Storage Services (Dropbox, Google Drive, etc)",,"Notes you created,Notes you found online,Homework answers,Solution walkthroughs,Practice tests,Miscellaneous PDFs",,Small student-made class group chats,,Slack,,Somewhat disagree
R_URO1AaSfPOxkCel,Undergraduate student,"Computer Science,Geography & Environment",,,,,,,STEM,"Canva,Chegg,Course Hero,Quizlet,Khan Academy,Youtube Videos",,"Studying for course material,Seeking homework and exam help,Sharing study documents",,"Goodnotes,Google Docs",,Yes,"Biology,Chemistry,Computer Science,Mathematics,Physics,Economics",,,,,,,STEM,"Paper-pen notes,Written study guides,Homework assignments",,"Talked about topics out loud,Quizzed each other on topics,Talked through a homework problem,Compared homework or test answers,Talked through a missed lecture",,"Text message (iMessage, SMS/MMS, etc),Email,Communication channels (Slack, Discord, Whatsapp, Facebook messenger, etc),Social media (Instagram, Twitter, Facebook, etc)",,"Notes you created,Notes you found online,Homework answers,Solution walkthroughs,Review videos,Website articles,Miscellaneous PDFs",,"Small student-made class group chats,Large student-made class group chats or discords,Online forums,Sorority or Fraternity",,I don't share resources online,,Neither agree nor disagree
R_3lG2AAeuW8DROgq,Undergraduate student,Engineering & Technology,,,,,,,STEM,Chegg,,Seeking homework and exam help,,"OneNote,Google Docs",,No,,,,,,,,,,,,,,,,,"Instructor-assigned groups,Student clubs and organizations,Online forums",,"Chegg,Slack,Discord",,
R_2qxCpiQifRp06bR,Undergraduate student,Medicine & Health,,,,,,,HandM,"Anki,Youtube Videos",,Studying for course material,,Goodnotes,,Yes,Medicine & Health,,,,,,,HandM,"Written study guides,Practice exams,Past exams",,"Talked about topics out loud,Quizzed each other on topics,Talked through a homework problem,Compared homework or test answers,Talked through a missed lecture",,"Text message (iMessage, SMS/MMS, etc),Communication channels (Slack, Discord, Whatsapp, Facebook messenger, etc)",,Notes you created,,"Small student-made class group chats,Large student-made class group chats or discords,Student clubs and organizations",,Discord,,Somewhat agree
R_2aB63hLpJXy2y6l,Undergraduate student,Other STEM subjects (please specify),Bioengineering ,,,,,,STEM,"Khan Academy,Other (please specify)",Tutorial websites ,"Studying for course material,Seeking homework and exam help",,Notability,,Yes,"Chemistry,Engineering & Technology,Mathematics,Physics,Other STEM subjects (please specify)",Bioengineering classes,,,,,,STEM,"Printed-out typed notes,Printed-out study guides,Homework assignments,Practice exams,Past exams",,"Talked about topics out loud,Talked through a homework problem,Compared homework or test answers,Talked through a missed lecture",,"Text message (iMessage, SMS/MMS, etc),Email",,"Notes you created,Homework answers,Practice tests,Website articles",,"Small student-made class group chats,Instructor-assigned groups,Student clubs and organizations,Sorority or Fraternity",,I don't share resources online,,Somewhat agree
R_3Ev60bjTBYheg0A,Undergraduate student,"Computer Science,Mathematics",,,,,,,STEM,"Canva,Youtube Videos",,"Studying for course material,Seeking homework and exam help,Online tutoring",,"Notability,Physical pen and paper notes",,Yes,"Computer Science,Mathematics",,,,,,,STEM,I have not shared any physical documents with my study group,,"Talked about topics out loud,Talked through a homework problem,Compared homework or test answers,Talked through a missed lecture",,"Text message (iMessage, SMS/MMS, etc),Email,Social media (Instagram, Twitter, Facebook, etc)",,"Notes you created,Homework answers",,Large student-made class group chats or discords,,I don't share resources online,,Neither agree nor disagree
R_2YbwhjYKvoucszX,Undergraduate student,Business & Management,,,,,,,BandF,"Canva,Chegg,Quizlet",,"Studying for course material,Seeking homework and exam help",,"Google Docs,Physical pen and paper notes",,No,,,,,,,,,,,,,,,,,Large student-made class group chats or discords,,I don't share resources online,,
R_2aqUhRTIJptm47g,Undergraduate student,"Biology,Mathematics,Biology",,,,,,,STEM,"Google Classroom,Khan Academy,Youtube Videos",,Studying for course material,,Goodnotes,,Yes,"Chemistry,Mathematics",,,,,,,STEM,Other (please specify),Goodnotes documents,"Talked about topics out loud,Quizzed each other on topics,Talked through a homework problem,Talked through a missed lecture",,"Text message (iMessage, SMS/MMS, etc)",,Notes you created,,"Small student-made class group chats,Instructor-assigned groups,Student clubs and organizations",,Other (please specify),Texting,Strongly agree
R_2aIHnLQ71W73O52,Undergraduate student,"Other social science subjects,Arts, Media & Design",Cog sci,,,,,,AandH,"Canva,Quizlet,Notion,Khan Academy",,"Studying for course material,Seeking homework and exam help,Organization",,"Google Docs,Physical pen and paper notes",,No,,,,,,,,,,,,,,,,,"Small student-made class group chats,Large student-made class group chats or discords",,"Quizlet,Google Classroom",,
R_3g7Tk9SYWEphfeI,Undergraduate student,"Biology,Geography & Environment",,,,,,,STEM,"Canva,Google Classroom,Chegg,Quizlet,Khan Academy,Youtube Videos",,"Studying for course material,Seeking homework and exam help,Sharing study documents,Organization",,"Goodnotes,Physical pen and paper notes",,Yes,Geography & Environment,,,,,,,STEM,I have not shared any physical documents with my study group,,"Talked about topics out loud,Quizzed each other on topics,Compared homework or test answers",,"Text message (iMessage, SMS/MMS, etc),Email",,"Notes you created,Solution walkthroughs,Miscellaneous PDFs",,"Small student-made class group chats,Large student-made class group chats or discords,Instructor-assigned groups,Student clubs and organizations",,Google Classroom,,Somewhat agree
R_31RwP7uYntbRS36,Undergraduate student,Earth Science,,,,,,,STEM,"Chegg,Quizlet,Khan Academy,Youtube Videos",,"Studying for course material,Seeking homework and exam help",,"Google Docs,Physical pen and paper notes",,No,,,,,,,,,,,,,,,,,"Small student-made class group chats,Instructor-assigned groups,Student clubs and organizations",,"Instagram,Slack,Discord",,
R_2co6MOjATbIM9i3,Undergraduate student,"Earth Science,Sociology,Business & Management",,,,,,,STEM,"Canva,Quizlet,Khan Academy",,"Studying for course material,Online tutoring",,"Google Docs,Notes app,Physical pen and paper notes",,No,,,,,,,,,,,,,,,,,"Small student-made class group chats,Instructor-assigned groups,Student clubs and organizations",,"Instagram,Slack,Discord,Canva",,
R_42D1mFYX78wEMUN,Undergraduate student,"Psychology,Philosophy",,,,,,,SS,"Canva,Google Classroom",,"Sharing study documents,Organization",,Physical pen and paper notes,,No,,,,,,,,,,,,,,,,,"Small student-made class group chats,Student clubs and organizations,Online forums",,"Instagram,Twitter,Discord",,
R_3I3pyUwLfF6mOzx,"Recent graduate,On-the-job learner","Other STEM subjects (please specify),Arts, Media & Design",Statistics ,,,,,,STEM,"Canva,Chegg,Course Hero,Quizlet,Youtube Videos",,"Studying for course material,Seeking homework and exam help,Sharing study documents",,"Google Docs,Notes app,Physical pen and paper notes",,No,,,,,,,,,,,,,,,,,Small student-made class group chats,,"Chegg,Course Hero,Quizlet",,
R_2zvd4LS02qKlRoU,Undergraduate student,"Other social science subjects,Arts, Media & Design",cogsci,,cogsci,,,,SS,"Canva,Google Classroom,Course Hero,Quizlet,Notion",,"Studying for course material,Seeking homework and exam help,Sharing study documents,Organization",,"Goodnotes,Notion,Google Docs",,Yes,"Computer Science,Psychology,Sociology,Arts, Media & Design,Business & Management,Marketing & Public Relations",,,,,,,SS,"Past exams,Textbooks",,I have not interacted verbally with my study groups,,"Text message (iMessage, SMS/MMS, etc),Communication channels (Slack, Discord, Whatsapp, Facebook messenger, etc),Social media (Instagram, Twitter, Facebook, etc)",,"Notes you created,Notes you found online,Review videos",,"Large student-made class group chats or discords,Instructor-assigned groups,Student clubs and organizations",,"Slack,Discord",,Somewhat disagree
R_cYckY3qwcyz2Znr,Undergraduate student,Other STEM subjects (please specify),Data Science,,,,,,STEM,"Chegg,Course Hero,Quizlet,Youtube Videos",,"Studying for course material,Seeking homework and exam help,Sharing study documents",,"Goodnotes,Notes app",,No,,,,,,,,,,,,,,,,,I don't join groups to find resources,,I don't share resources online,,
R_2P089gOAz9GR45r,Undergraduate student,Other arts & humanities subjects (please specify),,,,Film and TV,,,STEM,"Canva,Google Classroom,Youtube Videos",,"Studying for course material,Seeking homework and exam help,Sharing study documents,Organization",,"Google Docs,Notes app",,No,,,,,,,,,,,,,,,,,"Small student-made class group chats,Large student-made class group chats or discords,Instructor-assigned groups",,"Instagram,Discord,Google Classroom",,
R_2flGMkvQQocVRjU,Undergraduate student,Language & Literature,,,,,,,AandH,Canva,,Studying for course material,,Physical pen and paper notes,,No,,,,,,,,,,,,,,,,,I don't join groups to find resources,,I don't share resources online,,
R_1H8DaUC0MAFQEDR,Undergraduate student,"Law,History,Language & Literature",,,,,,,AandH,"Canva,Notion,Youtube Videos",,"Studying for course material,Organization",,Google Docs,,Yes,"Biology,Earth Science,History,Language & Literature,Philosophy,Religion & Theology",,,,,,,STEM,"Printed-out typed notes,Textbooks",,"Quizzed each other on topics,Compared homework or test answers",,"Text message (iMessage, SMS/MMS, etc),Email,Social media (Instagram, Twitter, Facebook, etc),Cloud Storage Services (Dropbox, Google Drive, etc)",,"Notes you created,Notes you found online,Solution walkthroughs,Practice tests,Spreadsheets,Website articles,Miscellaneous PDFs",,"Small student-made class group chats,Large student-made class group chats or discords,Instructor-assigned groups,Student clubs and organizations",,"Quora,Instagram,Quizlet,Twitter,Slack,Discord,Canva",,Neither agree nor disagree
R_VLoq5Ov9QplES53,Undergraduate student,"Medicine & Health,Sports & Rehabilitation",,,,,,,AandH,"Canva,Quizlet,Khan Academy,Youtube Videos",,"Studying for course material,Seeking homework and exam help,Online tutoring",,Notability,,No,,,,,,,,,,,,,,,,,"Small student-made class group chats,Sorority or Fraternity",,"Quizlet,Slack",,
R_3svpxGnvFNfVEFv,Undergraduate student,Computer Science,,,,,,,STEM,Canva,,Studying for course material,,Goodnotes,,No,,,,,,,,,,,,,,,,,I don't join groups to find resources,,I don't share resources online,,
R_2wcdLsxzoCPBgcG,Undergraduate student,Other STEM subjects (please specify),Agroecology,,,,,,STEM,"Canva,Quizlet,Notion",,"Studying for course material,Seeking homework and exam help,Organization",,"Goodnotes,Google Docs,Physical pen and paper notes",,Yes,Geography & Environment,,,,,,,STEM,I have not shared any physical documents with my study group,,"Quizzed each other on topics,Talked through a homework problem,Compared homework or test answers",,"Text message (iMessage, SMS/MMS, etc),Cloud Storage Services (Dropbox, Google Drive, etc)",,Notes you created,,Small student-made class group chats,,"Quizlet,Discord,Canva",,Somewhat agree
R_2BfEAO3uGTCU3Gm,Secondary / high school student,Other social science subjects,,,Health and social care,,,,SS,Quizlet,,Studying for course material,,"Google Docs,Physical pen and paper notes",,No,,,,,,,,,,,,,,,,,Large student-made class group chats or discords,,I don't share resources online,,
R_1JWpAAGmxCAEbWg,Undergraduate student,"Anthropology,Psychology",,,,,,,AandH,"Chegg,Quizlet,Khan Academy,Youtube Videos",,Seeking homework and exam help,,"Goodnotes,Google Docs",,No,,,,,,,,,,,,,,,,,Large student-made class group chats or discords,,I don't share resources online,,
R_2Vko3szGlVcxdI3,Undergraduate student,"Biology,Biology",,,,,,,STEM,"Quizlet,Youtube Videos,Other (please specify)",Coursera,"Studying for course material,Seeking homework and exam help,Other (please specify)","Studying up hobbies that Iâ€™m not currently learning at school (language, astronomy, etc)",Physical pen and paper notes,,No,,,,,,,,,,,,,,,,,I don't join groups to find resources,,Other (please specify),Reddit,
R_2P6DFdZvzVgtDpf,Undergraduate student,Language & Literature,,,,,,,AandH,"Canva,Chegg,Course Hero,Quizlet,Youtube Videos",,"Studying for course material,Seeking homework and exam help,Sharing study documents,Organization",,"Notability,Google Docs,Physical pen and paper notes",,Yes,"Mathematics,Economics,History,Language & Literature",,,,,,,STEM,"Paper-pen notes,Homework assignments,Textbooks",,"Talked about topics out loud,Quizzed each other on topics,Talked through a homework problem,Compared homework or test answers,Talked through a missed lecture",,"Text message (iMessage, SMS/MMS, etc),Email,Communication channels (Slack, Discord, Whatsapp, Facebook messenger, etc),Learning Management System (Canvas, Google Classroom, etc)",,"Notes you created,Notes you found online,Homework answers,Solution walkthroughs,Practice tests",,"Small student-made class group chats,Large student-made class group chats or discords,Instructor-assigned groups,Student clubs and organizations,Sorority or Fraternity",,"Quizlet,Slack,Discord,Canva",,Somewhat disagree
R_22QSmTmggs3JPq5,Undergraduate student,Music & Performing arts,,,,,,,AandH,Anki,,Studying for course material,,OneNote,,No,,,,,,,,,,,,,,,,,Large student-made class group chats or discords,,I don't share resources online,,
R_1rwZpCm0Epsydbf,Undergraduate student,Psychology,,,,,,,SS,"Canva,Google Classroom,Quizlet,Youtube Videos",,"Studying for course material,Sharing study documents,Organization",,"Google Docs,Physical pen and paper notes",,Yes,"Mathematics,Anthropology,Language & Literature",,,,,,,STEM,I have not shared any physical documents with my study group,,"Talked about topics out loud,Quizzed each other on topics",,"Text message (iMessage, SMS/MMS, etc),Communication channels (Slack, Discord, Whatsapp, Facebook messenger, etc),Social media (Instagram, Twitter, Facebook, etc),Cloud Storage Services (Dropbox, Google Drive, etc)",,"Notes you found online,Miscellaneous PDFs",,"Small student-made class group chats,Large student-made class group chats or discords,Instructor-assigned groups",,"Instagram,Quizlet,Slack,Discord",,Somewhat disagree
R_2ZOmX7XMf8XQ1Cr,Undergraduate student,Other STEM subjects (please specify),Data Science,,,,,,STEM,"Quizlet,Notion,Khan Academy,Youtube Videos",,"Studying for course material,Seeking homework and exam help",,"Notability,Google Docs,Notes app,Physical pen and paper notes",,Yes,"Other STEM subjects (please specify),Other arts & humanities subjects (please specify)",Data Science,,,City Planning,,,STEM,I have not shared any physical documents with my study group,,"Talked through a homework problem,Compared homework or test answers",,"Text message (iMessage, SMS/MMS, etc),Email,Communication channels (Slack, Discord, Whatsapp, Facebook messenger, etc),Cloud Storage Services (Dropbox, Google Drive, etc)",,"Notes you created,Notes you found online",,I don't join groups to find resources,,I don't share resources online,,Somewhat disagree
R_2OJvNoxqpNr7m2h,Undergraduate student,"Biology,Chemistry",,,,,,,STEM,"Canva,Chegg,Quizlet",,"Studying for course material,Seeking homework and exam help,Online tutoring",,"Google Docs,Physical pen and paper notes",,No,,,,,,,,,,,,,,,,,"Small student-made class group chats,Student clubs and organizations,Sorority or Fraternity",,I don't share resources online,,
R_3neYd1rFuz2gqKc,Undergraduate student,"Computer Science,Electrical Engineering",,,,,,,STEM,"Quizlet,Youtube Videos",,"Studying for course material,Seeking homework and exam help",,Notability,,Yes,"Computer Science,Electrical Engineering",,,,,,,STEM,"Paper-pen notes,Written study guides,Past exams",,"Talked about topics out loud,Talked through a homework problem,Compared homework or test answers",,"Text message (iMessage, SMS/MMS, etc),Email",,"Notes you created,Review videos,Practice tests,Website articles",,"Small student-made class group chats,Student clubs and organizations",,I don't share resources online,,Somewhat agree
R_2vl8aKPJwW2FuMI,Secondary / high school student,"Biology,Computer Science,Mathematics,Business & Management",,,,,,,STEM,"Google Classroom,Quizlet,Khan Academy,Youtube Videos",,"Studying for course material,Seeking homework and exam help,Sharing study documents",,"Google Docs,Physical pen and paper notes",,No,,,,,,,,,,,,,,,,,"Small student-made class group chats,Instructor-assigned groups,Online forums",,I don't share resources online,,
R_296bnw57ARHoo2s,Secondary / high school student,"Mathematics,Physics,Economics,Economics",,,,,,,STEM,"Canva,Google Classroom,Notion,Youtube Videos",,"Studying for course material,Seeking homework and exam help,Organization",,"Goodnotes,Google Docs",,Yes,"Mathematics,Physics,Economics",,,,,,,STEM,Homework assignments,,"Talked about topics out loud,Quizzed each other on topics,Talked through a homework problem,Compared homework or test answers",,"Text message (iMessage, SMS/MMS, etc),Communication channels (Slack, Discord, Whatsapp, Facebook messenger, etc),Social media (Instagram, Twitter, Facebook, etc),Learning Management System (Canvas, Google Classroom, etc)",,"Notes you created,Notes you found online,Homework answers,Solution walkthroughs,Review videos",,"Small student-made class group chats,Large student-made class group chats or discords,Instructor-assigned groups",,"Discord,Google Classroom",,Somewhat agree
R_Dr5DCwBXzpjEHUR,Undergraduate student,Language & Literature,,,,,,,AandH,"Course Hero,Quizlet",,"Studying for course material,Seeking homework and exam help",,Google Docs,,Yes,Biology,,,,,,,STEM,"Printed-out typed notes,Printed-out study guides",,"Talked about topics out loud,Quizzed each other on topics,Talked through a missed lecture",,"Text message (iMessage, SMS/MMS, etc),Email",,Notes you created,,"Small student-made class group chats,Sorority or Fraternity",,"Quizlet,Slack",,Neither agree nor disagree
R_3HHsdUa5urWNLyV,Undergraduate student,"Sociology,Other arts & humanities subjects (please specify)",,,,Legal studies,,,AandH,"Notion,Other (please specify)","Goodnotes, Canvas (LMS)","Studying for course material,Sharing study documents,Organization",,"Goodnotes,Notion",,No,,,,,,,,,,,,,,,,,"Small student-made class group chats,Large student-made class group chats or discords,Instructor-assigned groups,Student clubs and organizations",,"Instagram,Slack,Other (please specify)",Small group chats with people I know,
R_1P0IdBOW7SqRtSu,Undergraduate student,"Biology,Space & Astronomy",,,,,,,STEM,"Anki,Quizlet,Notion,Youtube Videos",,"Studying for course material,Seeking homework and exam help,Organization",,"Goodnotes,Physical pen and paper notes",,No,,,,,,,,,,,,,,,,,"Small student-made class group chats,Large student-made class group chats or discords",,"Quizlet,Other (please specify)",Whatsapp,
R_uac4hSEmY5cD6XT,Undergraduate student,Computer Science,,,,,,,STEM,"Canva,Google Classroom,Chegg,Course Hero,Quizlet,Notion,Khan Academy,Youtube Videos",,"Studying for course material,Seeking homework and exam help,Sharing study documents,Organization",,"Goodnotes,Notion,Google Docs",,Yes,Engineering & Technology,,,,,,,STEM,"Written flashcards,Homework assignments",,Talked through a homework problem,,"Text message (iMessage, SMS/MMS, etc),Communication channels (Slack, Discord, Whatsapp, Facebook messenger, etc)",,Notes you created,,"Student clubs and organizations,Online forums",,Discord,,Neither agree nor disagree
R_2QKTfrff0MfohnN,Undergraduate student,Business & Management,,,,,,,BandF,"Canva,Quizlet,Youtube Videos",,"Seeking homework and exam help,Online tutoring",,"Google Docs,Physical pen and paper notes",,No,,,,,,,,,,,,,,,,,Small student-made class group chats,,I don't share resources online,,
R_2tbaxAT5j8Fz998,Secondary / high school student,Nursing,,,,,,,STEM,"Canva,Google Classroom,Chegg,Quizlet,Notion,Youtube Videos",,"Studying for course material,Seeking homework and exam help,Sharing study documents,Organization",,"Notion,Google Docs,Physical pen and paper notes",,No,,,,,,,,,,,,,,,,,"Small student-made class group chats,Online forums",,"Instagram,Quizlet,Discord,Google Classroom",,
R_2Eu6qVv0rIPNuBM,Undergraduate student,Mathematics,,,,,,,STEM,"Canva,Google Classroom",,"Studying for course material,Sharing study documents,Organization",,"Notes app,Other (please specify)",Xournal++,Yes,"Computer Science,Mathematics,Philosophy",,,,,,,STEM,"Printed-out typed notes,Practice exams,Past exams,Textbooks",,"Talked about topics out loud,Quizzed each other on topics,Talked through a homework problem,Compared homework or test answers",,"Text message (iMessage, SMS/MMS, etc),Email,Communication channels (Slack, Discord, Whatsapp, Facebook messenger, etc),Social media (Instagram, Twitter, Facebook, etc),Cloud Storage Services (Dropbox, Google Drive, etc)",,"Notes you created,Notes you found online,Homework answers,Solution walkthroughs,Review videos,Practice tests,Spreadsheets,Website articles,Miscellaneous PDFs",,Small student-made class group chats,,Discord,,Somewhat agree
R_27f1xbTihPk60U6,Undergraduate student,Computer Science,,,,,,,STEM,"Canva,Quizlet,Khan Academy,Youtube Videos",,Studying for course material,,"OneNote,Physical pen and paper notes",,Yes,"Computer Science,Physics",,,,,,,STEM,"Paper-pen notes,Printed-out typed notes,Printed-out study guides,Homework assignments,Practice exams,Past exams",,"Talked about topics out loud,Quizzed each other on topics,Talked through a homework problem,Talked through a missed lecture",,"Text message (iMessage, SMS/MMS, etc),Email,Communication channels (Slack, Discord, Whatsapp, Facebook messenger, etc),Social media (Instagram, Twitter, Facebook, etc)",,"Notes you created,Notes you found online,Solution walkthroughs,Review videos,Practice tests",,"Small student-made class group chats,Large student-made class group chats or discords,Instructor-assigned groups,Student clubs and organizations,Online forums",,"Quora,Instagram,Quizlet,Discord,Other (please specify)",GroupMe,Somewhat agree
R_2ATHb9CJzvGtamQ,Undergraduate student,Computer Science,,,,,,,STEM,"Canva,Google Classroom,Youtube Videos",,Studying for course material,,"Goodnotes,Notability",,No,,,,,,,,,,,,,,,,,Small student-made class group chats,,I don't share resources online,,
R_7W0QA6ifoEpmjQZ,Undergraduate student,Computer Science,,,,,,,STEM,"Canva,Khan Academy,Youtube Videos",,"Studying for course material,Organization",,"Physical pen and paper notes,Other (please specify)",Latex,No,,,,,,,,,,,,,,,,,"Small student-made class group chats,Large student-made class group chats or discords",,"Discord,Other (please specify)",carrier pigeon,
R_273Fv8jx8THclrQ,Undergraduate student,Other arts & humanities subjects (please specify),,,,City Planning ,,,AandH,"Canva,Quizlet,Youtube Videos,Other (please specify)",Google Calendar ,"Studying for course material,Seeking homework and exam help,Sharing study documents,Organization",,Physical pen and paper notes,,Yes,Physics,,,,,,,STEM,"Paper-pen notes,Printed-out typed notes,Syllabus",,"Talked about topics out loud,Quizzed each other on topics,Talked through a homework problem,Compared homework or test answers,Talked through a missed lecture",,"Text message (iMessage, SMS/MMS, etc),Communication channels (Slack, Discord, Whatsapp, Facebook messenger, etc),Social media (Instagram, Twitter, Facebook, etc)",,"Notes you created,Notes you found online,Homework answers,Solution walkthroughs,Review videos",,"Small student-made class group chats,Large student-made class group chats or discords,Student clubs and organizations,Online forums,Sorority or Fraternity",,"Instagram,Discord",,Somewhat agree
R_3ReJnsLN7405Jrz,Undergraduate student,"Other STEM subjects (please specify),Other arts & humanities subjects (please specify)",Computer Engineering,,,Product Design,,,STEM,"Canva,Quizlet,Notion,Khan Academy,Youtube Videos",,"Studying for course material,Seeking homework and exam help,Sharing study documents,Organization",,"Goodnotes,Physical pen and paper notes",,No,,,,,,,,,,,,,,,,,I don't join groups to find resources,,I don't share resources online,,
R_3D7ukQsTHuPY21l,Undergraduate student,Other STEM subjects (please specify),data science and cognitive science,,,,,,STEM,"Canva,Google Classroom,Chegg,Quizlet,Notion,Youtube Videos",,"Studying for course material,Seeking homework and exam help,Sharing study documents,Organization",,"Notability,Google Docs",,No,,,,,,,,,,,,,,,,,Student clubs and organizations,,I don't share resources online,,
R_1o0hLWegk6UcmP0,"Recent graduate,On-the-job learner",Computer Science,,,,,,,STEM,Youtube Videos,,Other (please specify),I am working and to learn new things for my job I usually Google stuff and watch yt videos,Other (please specify),I document my brain in a zettelkasten using foam and vscode stored on github,No,,,,,,,,,,,,,,,,,Online forums,,Discord,,
R_1jVfxA8qUmrcsHs,Undergraduate student,Computer Science,,,,,,,STEM,Youtube Videos,,"Studying for course material,Online tutoring",,"Physical pen and paper notes,Other (please specify)",Remarkable tablet ,Yes,Computer Science,,,,,,,STEM,Homework assignments,,"Talked through a homework problem,Compared homework or test answers",,Other (please specify),Print outs ,"Notes you found online,Homework answers,Practice tests,Miscellaneous PDFs",,Large student-made class group chats or discords,,"Slack,Discord",,Neither agree nor disagree
R_3nT5wkGPwukaD40,Secondary / high school student,Engineering & Technology,,,,,,,STEM,"Canva,Google Classroom,Quizlet,Notion,Khan Academy,Youtube Videos",,"Studying for course material,Seeking homework and exam help,Sharing study documents,Organization",,"Notion,Google Docs,Notes app",,No,,,,,,,,,,,,,,,,,I don't join groups to find resources,,"Instagram,Twitter,Slack,Discord,Google Classroom",,
R_1eyPRJIwDXIJAve,Secondary / high school student,"Computer Science,Electrical Engineering,Engineering & Technology,Mechanical Engineering,Space & Astronomy",,,,,,,STEM,"Canva,Google Classroom,Quizlet,Khan Academy,Youtube Videos",,"Studying for course material,Seeking homework and exam help",,"Google Docs,Physical pen and paper notes",,Yes,"History,Language & Literature",,,,,,,AndH,"Paper-pen notes,Printed-out typed notes",,"Talked about topics out loud,Quizzed each other on topics,Talked through a homework problem,Compared homework or test answers",,"Text message (iMessage, SMS/MMS, etc)",,"Notes you created,Review videos",,"Small student-made class group chats,Large student-made class group chats or discords",,"Discord,Other (please specify)",Messages,Somewhat agree
R_1eXg3a9Z3cWruqW,Undergraduate student,Other STEM subjects (please specify),Industrial Engineering,,,,,,STEM,"Chegg,Quizlet",,"Studying for course material,Seeking homework and exam help",,"Notability,Google Docs",,No,,,,,,,,,,,,,,,,,"Small student-made class group chats,Large student-made class group chats or discords,Instructor-assigned groups,Online forums",,I don't share resources online,,
R_3fNzTjZGR60QqmY,Undergraduate student,"Biology,Chemistry,Mathematics,Physics,Biology,Medicine & Health",,,,,,,STEM,"Anki,Khan Academy",,"Studying for course material,Seeking homework and exam help",,"Goodnotes,Google Docs,Physical pen and paper notes",,No,,,,,,,,,,,,,,,,,"Large student-made class group chats or discords,I don't join groups to find resources",,I don't share resources online,,
R_1GTxYPbCd5sD9C6,Undergraduate student,Architecture,,,,,,,AandH,"Canva,Chegg,Notion",,"Studying for course material,Seeking homework and exam help,Sharing study documents,Organization",,"Notability,Google Docs,Physical pen and paper notes",,Yes,Architecture,,,,,,,AandH,Paper-pen notes,,"Talked about topics out loud,Talked through a homework problem,Compared homework or test answers",,"Text message (iMessage, SMS/MMS, etc),Email,Communication channels (Slack, Discord, Whatsapp, Facebook messenger, etc),Cloud Storage Services (Dropbox, Google Drive, etc)",,"Notes you created,Homework answers,Website articles",,"Small student-made class group chats,Instructor-assigned groups,Student clubs and organizations",,"Instagram,Slack",,Neither agree nor disagree
R_siHCXsrnpc90GRP,Undergraduate student,"Computer Science,Electrical Engineering,Space & Astronomy",,,,,,,STEM,"Notion,Youtube Videos",,"Studying for course material,Seeking homework and exam help,Organization",,"Google Docs,Physical pen and paper notes",,Yes,"Computer Science,Electrical Engineering",,,,,,,STEM,"Paper-pen notes,Homework assignments",,"Talked about topics out loud,Talked through a homework problem,Compared homework or test answers,Talked through a missed lecture",,"Text message (iMessage, SMS/MMS, etc),Email,Communication channels (Slack, Discord, Whatsapp, Facebook messenger, etc),Cloud Storage Services (Dropbox, Google Drive, etc)",,Homework answers,,"Small student-made class group chats,Large student-made class group chats or discords,Student clubs and organizations",,"Figma Community,Instagram,Slack,Discord",,Strongly agree
R_3EzNchDdraG7lK1,Undergraduate student,Computer Science,,,,,,,STEM,"Notion,Youtube Videos",,"Studying for course material,Organization",,"Goodnotes,Notion",,Yes,Computer Science,,,,,,,STEM,I have not shared any physical documents with my study group,,"Talked about topics out loud,Quizzed each other on topics,Talked through a homework problem,Compared homework or test answers,Talked through a missed lecture",,"Text message (iMessage, SMS/MMS, etc),Communication channels (Slack, Discord, Whatsapp, Facebook messenger, etc)",,"Notes you created,Homework answers,Solution walkthroughs",,I don't join groups to find resources,,I don't share resources online,,Strongly agree
R_ulU03nEnWhJPelr,Secondary / high school student,"Computer Science,Earth Science,Mathematics,Language & Literature,Music & Performing arts,Economics",,,,,,,STEM,"Canva,Google Classroom,Quizlet,Notion,Khan Academy,Youtube Videos",,"Studying for course material,Seeking homework and exam help,Organization",,"Notion,Google Docs,Notes app,Physical pen and paper notes",,No,,,,,,,,,,,,,,,,,"Small student-made class group chats,Student clubs and organizations",,"Instagram,Discord",,
R_3Hv8fwOcrRtbOfo,Undergraduate student,"Computer Science,Electrical Engineering",,,,,,,STEM,"Canva,Google Classroom,Quizlet,Notion,Khan Academy,Youtube Videos",,"Studying for course material,Seeking homework and exam help,Sharing study documents,Organization",,"Goodnotes,Notion,Google Docs,Notes app,Physical pen and paper notes",,Yes,Computer Science,,,,,,,STEM,"Paper-pen notes,Printed-out typed notes,Printed-out study guides,Written study guides,Practice exams,Past exams",,"Talked about topics out loud,Quizzed each other on topics,Talked through a homework problem",,"Communication channels (Slack, Discord, Whatsapp, Facebook messenger, etc),Cloud Storage Services (Dropbox, Google Drive, etc)",,"Notes you created,Notes you found online,Solution walkthroughs,Review videos,Practice tests,Miscellaneous PDFs",,"Small student-made class group chats,Large student-made class group chats or discords,Student clubs and organizations",,"Slack,Discord",,Somewhat agree
R_xxrg2WKt5wOaGOJ,Undergraduate student,"Computer Science,Music & Performing arts",,,,,,,STEM,"Notion,Youtube Videos",,"Studying for course material,Seeking homework and exam help,Organization",,"Notion,OneNote",,No,,,,,,,,,,,,,,,,,"Small student-made class group chats,Instructor-assigned groups,Student clubs and organizations",,"Slack,Discord,Other (please specify)",iMessage + Email,
R_2altl3deDpAz9Yi,Undergraduate student,Psychology,,,,,,,SS,"Quizlet,Notion,Youtube Videos",,"Studying for course material,Seeking homework and exam help,Sharing study documents,Online tutoring",,"Notion,Physical pen and paper notes",,Yes,Psychology,,,,,,,SS,"Paper-pen notes,Homework assignments,Practice exams,Syllabus",,"Talked through a homework problem,Compared homework or test answers",,"Text message (iMessage, SMS/MMS, etc),Email,Communication channels (Slack, Discord, Whatsapp, Facebook messenger, etc),Cloud Storage Services (Dropbox, Google Drive, etc)",,"Notes you created,Notes you found online,Homework answers,Solution walkthroughs,Review videos,Practice tests,Miscellaneous PDFs",,"Small student-made class group chats,Instructor-assigned groups,Student clubs and organizations",,Discord,,Somewhat agree
R_xutjTxyQSTpk1gd,Master's student,Business & Management,,,,,,,BandF,Canva,,Studying for course material,,Goodnotes,,Yes,Business & Management,,,,,,,BandF,I have not shared any physical documents with my study group,,"Talked about topics out loud,Talked through a homework problem,Compared homework or test answers,Talked through a missed lecture",,"Text message (iMessage, SMS/MMS, etc),Email,Communication channels (Slack, Discord, Whatsapp, Facebook messenger, etc),Cloud Storage Services (Dropbox, Google Drive, etc)",,"Notes you created,Notes you found online,Solution walkthroughs,Review videos,Spreadsheets,Website articles,Miscellaneous PDFs",,"Instructor-assigned groups,Student clubs and organizations",,I don't share resources online,,Somewhat agree
R_1l3pYQPYwqBc958,Undergraduate student,"Other STEM subjects (please specify),Psychology",Cognitive Science,,,,,,STEM,"Quizlet,Notion",,"Studying for course material,Seeking homework and exam help,Sharing study documents,Organization",,"Goodnotes,Google Docs,Notes app,Physical pen and paper notes",,No,,,,,,,,,,,,,,,,,Small student-made class group chats,,Slack,,
R_1M5oRnTIXZjDfN1,Undergraduate student,Mathematics,,,,,,,STEM,"Notion,Youtube Videos",,"Studying for course material,Organization",,"Notability,Google Docs,Physical pen and paper notes",,No,,,,,,,,,,,,,,,,,"Small student-made class group chats,Large student-made class group chats or discords,Student clubs and organizations,Online forums",,"Instagram,Slack,Discord",,
R_3hnBfJGrqC79FTU,Undergraduate student,Other STEM subjects (please specify),Conservation Biology,,,,,,STEM,"Chegg,Quizlet,Youtube Videos",,"Studying for course material,Seeking homework and exam help,Sharing study documents",,"Google Docs,Physical pen and paper notes",,No,,,,,,,,,,,,,,,,,I don't join groups to find resources,,I don't share resources online,,
R_3JCN9d3QAHX0Lh9,Undergraduate student,Marketing & Public Relations,,,,,,,STEM,"Canva,Google Classroom,Chegg,Quizlet,Youtube Videos",,"Studying for course material,Seeking homework and exam help,Organization,Other (please specify)","Creating presentations, flyers etc. (CANVA)","Notability,Google Docs,Physical pen and paper notes",,No,,,,,,,,,,,,,,,,,"Instructor-assigned groups,Student clubs and organizations",,Discord,,
R_3dMsN7E8PjDNbZq,Undergraduate student,"Biology,Biology",,,,,,,STEM,"Canva,Chegg,Quizlet,Youtube Videos",,"Studying for course material,Seeking homework and exam help,Online tutoring",,"Goodnotes,Google Docs,Physical pen and paper notes",,No,,,,,,,,,,,,,,,,,I don't join groups to find resources,,"Instagram,Slack,Discord",,
R_wZ8doLMwktOEU9P,Undergraduate student,Other STEM subjects (please specify),environmental science ,,,,,,STEM,Youtube Videos,,,,Notability,,No,,,,,,,,,,,,,,,,,I don't join groups to find resources,,I don't share resources online,,
R_3oOf0ZR21W0fHQl,Undergraduate student,Psychology,,,,,,,SS,Other (please specify),None,,,Goodnotes,,No,,,,,,,,,,,,,,,,,I don't join groups to find resources,,I don't share resources online,,
R_1gwI4c5dAOzl3bw,Undergraduate student,"Chemistry,Biology,Medicine & Health",,,,,,,STEM,"Anki,Chegg,Notion,Khan Academy,Youtube Videos",,"Studying for course material,Seeking homework and exam help,Online tutoring,Organization",,"Notability,Google Docs,Notes app",,Yes,Chemistry,,,,,,,STEM,"Homework assignments,Practice exams,Past exams",,"Talked about topics out loud,Quizzed each other on topics,Talked through a homework problem,Compared homework or test answers,Talked through a missed lecture,I have not interacted verbally with my study groups",,"Text message (iMessage, SMS/MMS, etc),Email",,"Homework answers,Solution walkthroughs",,Large student-made class group chats or discords,,I don't share resources online,,Neither agree nor disagree
R_3kKVICzxTXBqCcy,Undergraduate student,"Biology,Engineering & Technology,Biology,Biomedicine & Pharmacy",,,,,,,STEM,"Khan Academy,Youtube Videos",,"Studying for course material,Seeking homework and exam help",,"Goodnotes,Physical pen and paper notes",,Yes,"Biology,Engineering & Technology,Biology,Biomedicine & Pharmacy",,,,,,,STEM,"Paper-pen notes,Printed-out typed notes,Printed-out study guides,Written study guides,Homework assignments,Practice exams,Past exams,Syllabus,Textbooks",,"Talked about topics out loud,Quizzed each other on topics,Talked through a homework problem,Compared homework or test answers",,"Text message (iMessage, SMS/MMS, etc),Communication channels (Slack, Discord, Whatsapp, Facebook messenger, etc),Social media (Instagram, Twitter, Facebook, etc)",,"Notes you created,Notes you found online,Solution walkthroughs,Review videos,Practice tests",,"Small student-made class group chats,Student clubs and organizations",,"Instagram,Slack",,Strongly agree
R_3MmrQoz24Z4KhUT,Undergraduate student,"Other social science subjects,Journalism & Communication,Language & Literature",,,Global Studies,,,,HandM,"Canva,Quizlet,Youtube Videos",,"Studying for course material,Organization",,Google Docs,,No,,,,,,,,,,,,,,,,,Small student-made class group chats,,"Quizlet,Slack",,
R_yPvX2kMWX0Om1u9,Undergraduate student,"Computer Science,Philosophy",,,,,,,STEM,Youtube Videos,,"Studying for course material,Seeking homework and exam help",,"Notability,Physical pen and paper notes",,Yes,Computer Science,,,,,,,STEM,I have not shared any physical documents with my study group,,"Talked about topics out loud,Talked through a homework problem,Compared homework or test answers",,"Text message (iMessage, SMS/MMS, etc),Email",,"Notes you created,Notes you found online,Homework answers,Solution walkthroughs,Review videos,Practice tests,Website articles,Miscellaneous PDFs",,"Small student-made class group chats,Student clubs and organizations",,I don't share resources online,,Neither agree nor disagree
R_1pPrLrvAqRZwYyK,Undergraduate student,Marketing & Public Relations,,,,,,,BandF,"Canva,Google Classroom,Chegg,Quizlet,Notion,Khan Academy,Youtube Videos",,"Studying for course material,Seeking homework and exam help",,"Google Docs,Notes app,Physical pen and paper notes",,No,,,,,,,,,,,,,,,,,"Small student-made class group chats,Large student-made class group chats or discords,Instructor-assigned groups,Student clubs and organizations",,"Instagram,Quizlet,Slack,Discord",,
R_3Eu8gKee2RDusCv,Undergraduate student,Other STEM subjects (please specify),Bioengineering,,,,,,STEM,"Canva,Chegg,Quizlet,Khan Academy,Youtube Videos",,"Studying for course material,Seeking homework and exam help,Online tutoring",,"Notability,Google Docs",,Yes,Other STEM subjects (please specify),Bioengineering,,,,,,STEM,"Homework assignments,Practice exams,Past exams,Textbooks",,"Talked about topics out loud,Talked through a homework problem,Compared homework or test answers,Talked through a missed lecture",,"Text message (iMessage, SMS/MMS, etc),Communication channels (Slack, Discord, Whatsapp, Facebook messenger, etc)",,"Notes you created,Homework answers,Solution walkthroughs,Website articles",,"Small student-made class group chats,Student clubs and organizations",,Discord,,Neither agree nor disagree
R_3RrA5B6H6xwWgzv,Undergraduate student,"Arts, Media & Design",,,,,,,AandH,Other (please specify),None,Other (please specify),I don't use these,Google Docs,,No,,,,,,,,,,,,,,,,,I don't join groups to find resources,,I don't share resources online,,
R_bKQimwlIEiSrZpT,Undergraduate student,Biomedicine & Pharmacy,,,,,,,HandM,"Quizlet,Youtube Videos",,Studying for course material,,OneNote,,No,,,,,,,,,,,,,,,,,Small student-made class group chats,,I don't share resources online,,
R_30oCVVH4Iptxydv,Undergraduate student,"Biology,Medicine & Health",,,,,,,HandM,"Quizlet,Youtube Videos",,"Studying for course material,Seeking homework and exam help",,Goodnotes,,Yes,"Chemistry,Physics",,,,,,,STEM,"Homework assignments,Practice exams,Textbooks",,"Talked about topics out loud,Quizzed each other on topics,Talked through a homework problem,Compared homework or test answers,Talked through a missed lecture",,"Text message (iMessage, SMS/MMS, etc),Email,Other (please specify)",Group me,"Notes you created,Homework answers,Review videos,Miscellaneous PDFs",,Small student-made class group chats,,Other (please specify),Groupme,Strongly agree
R_4GFNdOlWb8JJDA5,Undergraduate student,"Geography & Environment,Architecture",,,,,,,STEM,"Quizlet,Youtube Videos",,Studying for course material,,"Google Docs,Physical pen and paper notes",,Yes,"Geography & Environment,Mathematics",,,,,,,STEM,"Homework assignments,Practice exams",,"Talked about topics out loud,Talked through a homework problem,Compared homework or test answers",,"Text message (iMessage, SMS/MMS, etc),Email,Communication channels (Slack, Discord, Whatsapp, Facebook messenger, etc),Social media (Instagram, Twitter, Facebook, etc)",,"Notes you created,Notes you found online,Spreadsheets,Website articles,Miscellaneous PDFs",,"Small student-made class group chats,Large student-made class group chats or discords",,"Instagram,Slack,Discord",,Somewhat disagree
R_1P5Uxg39S67F9ih,Undergraduate student,"Biology,Computer Science,Medicine & Health",,,,,,,STEM,"Canva,Chegg,Course Hero,Quizlet,Notion,Khan Academy,Youtube Videos",,"Studying for course material,Seeking homework and exam help,Organization",,"Goodnotes,Google Docs,Physical pen and paper notes",,Yes,Computer Science,,,,,,,STEM,"Paper-pen notes,Written study guides",,Compared homework or test answers,,"Text message (iMessage, SMS/MMS, etc),Email,Communication channels (Slack, Discord, Whatsapp, Facebook messenger, etc)",,"Notes you created,Notes you found online,Homework answers,Solution walkthroughs,Review videos",,"Small student-made class group chats,Large student-made class group chats or discords,Instructor-assigned groups,Student clubs and organizations,Online forums",,"Instagram,Slack,Discord,Canva",,Somewhat disagree
R_27Phs4ClE6yfEtt,Undergraduate student,Other arts & humanities subjects (please specify),,,,Liberal studies ,,,AandH,"Canva,Quizlet",,,,Physical pen and paper notes,,No,,,,,,,,,,,,,,,,,Small student-made class group chats,,I don't share resources online,,
R_W04Gz1c6m1sFxSh,Undergraduate student,"Other STEM subjects (please specify),Economics",Data Science,,,,,,STEM,"Google Classroom,Quizlet,Youtube Videos",,"Studying for course material,Seeking homework and exam help,Sharing study documents,Organization",,Notability,,No,,,,,,,,,,,,,,,,,I don't join groups to find resources,,Quizlet,,
R_1Egl3tHo9QlScr0,Undergraduate student,Other subjects (please specify),,,,,,Education ,AandH,"Quizlet,Khan Academy,Youtube Videos",,Seeking homework and exam help,,Physical pen and paper notes,,Yes,"Mathematics,Physics",,,,,,,STEM,"Paper-pen notes,Written study guides",,"Talked about topics out loud,Quizzed each other on topics,Talked through a homework problem",,"Text message (iMessage, SMS/MMS, etc),Social media (Instagram, Twitter, Facebook, etc)",,I don't digitally share with my study group,,Small student-made class group chats,,"Instagram,Canva",,Somewhat agree
R_87fCNO6GEHSiE5X,Undergraduate student,Business & Management,,,,,,,BandF,"Quizlet,Notion,Youtube Videos",,"Studying for course material,Online tutoring,Organization",,"Google Docs,Physical pen and paper notes",,No,,,,,,,,,,,,,,,,,Small student-made class group chats,,Slack,,
R_3NDMiqCt78dQbQE,Undergraduate student,History,,,,,,,AandH,Youtube Videos,,Studying for course material,,"Google Docs,Physical pen and paper notes",,No,,,,,,,,,,,,,,,,,I don't join groups to find resources,,Discord,,
R_su1k34AXxm6nH8Z,Undergraduate student,"Arts, Media & Design",,,,,,,AandH,"Canva,Google Classroom,Youtube Videos",,"Studying for course material,Seeking homework and exam help,Sharing study documents,Organization",,"Google Docs,Physical pen and paper notes",,No,,,,,,,,,,,,,,,,,"Large student-made class group chats or discords,Instructor-assigned groups,Student clubs and organizations",,"Instagram,Miro Community,Slack,Discord,Canva,Google Classroom",,
R_a4S0F2LjC6ygrtL,Undergraduate student,"Computer Science,Psychology",,,,,,,STEM,"Chegg,Course Hero,Quizlet,Youtube Videos",,"Studying for course material,Seeking homework and exam help,Sharing study documents,Online tutoring",,"Goodnotes,Google Docs,Notes app",,Yes,"Computer Science,Economics",,,,,,,STEM,I have not shared any physical documents with my study group,,"Talked about topics out loud,Quizzed each other on topics,Talked through a homework problem,Talked through a missed lecture",,"Email,Cloud Storage Services (Dropbox, Google Drive, etc)",,"Notes you created,Notes you found online,Solution walkthroughs,Review videos,Miscellaneous PDFs",,"Small student-made class group chats,Student clubs and organizations",,"Instagram,Quizlet,Slack",,Neither agree nor disagree
R_2ro90Gh5L8dXeEY,Undergraduate student,Psychology,,,,,,,SS,Youtube Videos,,"Studying for course material,Seeking homework and exam help",,"Goodnotes,Google Docs,Physical pen and paper notes",,Yes,"Mathematics,Biomedicine & Pharmacy,Psychology,History,Language & Literature,Philosophy",,,,,,,STEM,"Printed-out typed notes,Written study guides,Homework assignments,Practice exams",,"Talked about topics out loud,Talked through a homework problem,Compared homework or test answers",,"Communication channels (Slack, Discord, Whatsapp, Facebook messenger, etc),Cloud Storage Services (Dropbox, Google Drive, etc)",,"Homework answers,Practice tests,Miscellaneous PDFs",,"Small student-made class group chats,Large student-made class group chats or discords,Online forums",,"Instagram,Slack,Discord",,Somewhat disagree
R_1DwkBDODhe8YkHY,Undergraduate student,Economics,,,,,,,BandF,Youtube Videos,,"Studying for course material,Seeking homework and exam help",,Notability,,No,,,,,,,,,,,,,,,,,I don't join groups to find resources,,I don't share resources online,,
R_UM99sDeKwIbdx97,Undergraduate student,Earth Science,,,,,,,STEM,"Quizlet,Notion,Youtube Videos",,"Studying for course material,Seeking homework and exam help,Organization",,"Goodnotes,Notion,Google Docs",,Yes,Earth Science,,,,,,,STEM,Written study guides,,"Talked about topics out loud,Compared homework or test answers,Talked through a missed lecture",,"Text message (iMessage, SMS/MMS, etc),Social media (Instagram, Twitter, Facebook, etc)",,"Notes you created,Notes you found online,Practice tests,Miscellaneous PDFs",,"Large student-made class group chats or discords,Online forums",,"Instagram,Discord",,Somewhat disagree
R_3nABzmPrTgVM1IX,Secondary / high school student,,,,,,,,,Canva,,,,Goodnotes,,,,,,,,,,,,,,,,,,,,,,,
R_3PCa1vJsaNxS06E,Recent graduate,"Law,Psychology,Marketing & Public Relations",,,,,,,AandH,"Google Classroom,Chegg,Quizlet",,"Studying for course material,Seeking homework and exam help,Sharing study documents,Organization",,"Google Docs,Physical pen and paper notes",,No,,,,,,,,,,,,,,,,,"Instructor-assigned groups,Online forums,Sorority or Fraternity",,"Quizlet,Google Classroom",,
R_1K0UkBj1z6a8poM,Undergraduate student,Language & Literature,,,,,,,AandH,Other (please specify),Google docs,"Studying for course material,Sharing study documents,Organization",,"Notion,Physical pen and paper notes",,Yes,Language & Literature,,,,,,,AandH,I have not shared any physical documents with my study group,,Talked about topics out loud,,"Text message (iMessage, SMS/MMS, etc),Email",,Notes you created,,Small student-made class group chats,,Discord,,Neither agree nor disagree
R_2wmouFP9LMyxWYB,Undergraduate student,Mathematics,,,,,,,STEM,"Anki,Youtube Videos",,Online tutoring,,"Notion,Google Docs",,Yes,"Engineering & Technology,Law,Sociology,Religion & Theology,Business & Management,Hospitality & Tourism",,,,,,,STEM,"Written study guides,Homework assignments",,Talked through a homework problem,,"Email,Social media (Instagram, Twitter, Facebook, etc)",,"Homework answers,Practice tests",,,,,,
R_A0ZkXTifpJ6CkEN,Undergraduate student,"Biology,Chemistry,Psychology",,,,,,,STEM,"Canva,Google Classroom,Course Hero,Quizlet,Khan Academy,Youtube Videos",,"Studying for course material,Seeking homework and exam help,Sharing study documents,Online tutoring",,Notability,,Yes,"Biology,Chemistry",,,,,,,STEM,"Paper-pen notes,Textbooks",,"Talked about topics out loud,Quizzed each other on topics,Talked through a homework problem,Compared homework or test answers,Talked through a missed lecture",,"Text message (iMessage, SMS/MMS, etc),Email,Communication channels (Slack, Discord, Whatsapp, Facebook messenger, etc),Learning Management System (Canvas, Google Classroom, etc)",,"Notes you created,Notes you found online,Homework answers,Solution walkthroughs,Review videos,Practice tests,Website articles,Miscellaneous PDFs",,"Small student-made class group chats,Large student-made class group chats or discords,Instructor-assigned groups,Online forums",,"Slack,Discord",,Somewhat agree
R_30epfYIYAsdDd6o,Undergraduate student,"Psychology,Other social science subjects",,,Criminology,,,,SS,"Quizlet,Notion",,"Studying for course material,Organization",,OneNote,,No,,,,,,,,,,,,,,,,,Small student-made class group chats,,Other (please specify),OneDrive,
R_zU8GfypIEgyonYZ,"Undergraduate student,Medical or Nursing student","Biology,Biology,Biomedicine & Pharmacy",,,,,,,HandM,"Canva,Google Classroom,Chegg,Quizlet,Notion,Khan Academy,Youtube Videos",,"Studying for course material,Sharing study documents,Online tutoring",,"Goodnotes,Notion,Google Docs",,Yes,"Biology,Chemistry",,,,,,,HandM,"Paper-pen notes,Homework assignments",,"Talked about topics out loud,Talked through a homework problem,Compared homework or test answers",,"Text message (iMessage, SMS/MMS, etc),Communication channels (Slack, Discord, Whatsapp, Facebook messenger, etc)",,"Notes you created,Notes you found online,Homework answers,Solution walkthroughs,Review videos,Practice tests",,"Small student-made class group chats,Large student-made class group chats or discords",,"Quizlet,Discord",,Somewhat disagree
R_pzOeQH3GOni8gUN,"Undergraduate student,On-the-job learner",Biology,,,,,,,STEM,"Canva,Google Classroom,Quizlet,Notion,Youtube Videos",,"Studying for course material,Seeking homework and exam help,Sharing study documents",,"Goodnotes,Google Docs",,Yes,Biology,,,,,,,STEM,"Written study guides,Practice exams,Past exams",,"Talked about topics out loud,Quizzed each other on topics,Talked through a homework problem",,"Text message (iMessage, SMS/MMS, etc),Email",,"Notes you created,Homework answers,Solution walkthroughs,Review videos,Practice tests,Miscellaneous PDFs",,"Small student-made class group chats,Large student-made class group chats or discords",,"Instagram,Slack,Discord,Google Classroom",,Somewhat agree
R_3kBwTQBJbfxhZpj,Undergraduate student,,,,,,,,,,,,,,,,,,,,,,,,,,,,,,,,,,,,
R_9LzjIbz25j3EBFL,,,,,,,,,,,,,,,,,,,,,,,,,,,,,,,,,,,,,
R_ZCePhNWcAR4tfzj,Undergraduate student,Other STEM subjects (please specify),Environment and Sustainability,,,,,,STEM,Quizlet,,Studying for course material,,"Notability,Google Docs",,,,,,,,,,,,,,,,,,,,,,,
R_2Sjc39Hvmc5uhO4,,,,,,,,,,,,,,,,,,,,,,,,,,,,,,,,,,,,,
R_1nPmpRUTqcg1aLo,,,,,,,,,,,,,,,,,,,,,,,,,,,,,,,,,,,,,
R_Rnyxc0P76xM336V,,,,,,,,,,,,,,,,,,,,,,,,,,,,,,,,,,,,,
R_3R1kkTjp4HtZmIH,Undergraduate student,"Other STEM subjects (please specify),Medicine & Health",Data Science,,,,,,STEM,"Canva,Chegg,Quizlet,Notion,Youtube Videos",,"Studying for course material,Sharing study documents,Organization",,Goodnotes,,Yes,"Other STEM subjects (please specify),Medicine & Health",Data Science,,,,,,STEM,,,,,,,,,,,,,
R_2zZ4M0m9zcTESnj,Undergraduate student,"Economics,History",,,,,,,BandF,"Chegg,Youtube Videos",,"Studying for course material,Seeking homework and exam help,Sharing study documents",,"Notability,Google Docs,Other (please specify)",Word,Yes,Economics,,,,,,,BandF,"Homework assignments,Practice exams",,"Talked about topics out loud,Talked through a homework problem",,"Text message (iMessage, SMS/MMS, etc),Email",,"Notes you created,Practice tests,Miscellaneous PDFs",,,,,,
R_3IbosyAQoBNfqvU,On-the-job learner,,,,,,,,,,,,,,,,,,,,,,,,,,,,,,,,,,,,
R_OdHuT0gRKFcKvV7,Undergraduate student,Psychology,,,,,,,SS,"Google Classroom,Quizlet,Notion,Youtube Videos",,"Studying for course material,Seeking homework and exam help,Sharing study documents,Online tutoring,Organization",,"Notability,Other (please specify)",Bro I need goodnotes,Yes,,,,,,,,,,,,,,,,,,,,,
R_1FlmFb1JcfjWDCO,Undergraduate student,Other arts & humanities subjects (please specify),,,,Political Economy ,,,AandH,"Quizlet,Notion",,"Studying for course material,Organization",,"Google Docs,Physical pen and paper notes",,Yes,Economics,,,,,,,AandH,,,,,,,,,,,,,
R_1jNdSIci61qOXs7,Recent graduate,"Arts, Media & Design",,,,,,,AandH,Youtube Videos,,Studying for course material,,Physical pen and paper notes,,No,,,,,,,,,,,,,,,,,I don't join groups to find resources,,I don't share resources online,,
R_eXn4lWZjXsb3oMF,Undergraduate student,,,,,,,,,,,,,,,,,,,,,,,,,,,,,,,,,,,,
R_vB9kr12v4Zu74wF,,,,,,,,,,,,,,,,,,,,,,,,,,,,,,,,,,,,,
R_2xDHpYgNnzEcnMT,Undergraduate student,Other STEM subjects (please specify),Civil engineering ,,,,,,STEM,"Canva,Google Classroom,Chegg,Course Hero,Quizlet,Notion,Khan Academy,Youtube Videos",,"Studying for course material,Seeking homework and exam help",,"Notability,Notion,Physical pen and paper notes",,No,,,,,,,,,,,,,,,,,,,,,
R_2QJMtHlNgs8kdHV,,,,,,,,,,,,,,,,,,,,,,,,,,,,,,,,,,,,,
R_OuK0tVFzuIMgkG5,Undergraduate student,Other arts & humanities subjects (please specify),,,,Film,,,AandH,,,,,,,,,,,,,,,,,,,,,,,,,,,,
R_6Xc9nAs8pbOtJbb,Undergraduate student,"Other health & medical subjects (please specify),Other social science subjects",,Public Health,Political Economy,,,,HandM,"Canva,Youtube Videos",,"Studying for course material,Seeking homework and exam help,Sharing study documents",,"Google Docs,Physical pen and paper notes",,No,,,,,,,,,,,,,,,,,"Small student-made class group chats,Large student-made class group chats or discords,Instructor-assigned groups",,"Instagram,Slack,Discord,Other (please specify)",Messenger,
R_2SJfhhiBIU1bMFQ,Technical / certificate school student,Mechanical Engineering,,,,,,,STEM,"Chegg,Quizlet,Notion,Youtube Videos",,"Studying for course material,Seeking homework and exam help",,Notes app,,Yes,,,,,,,,,,,,,,,,,,,,,
R_2QQBtbudTz0r1wl,Pharmacy Student,Biomedicine & Pharmacy,,,,,,,HandM,"Canva,Anki,Chegg,Course Hero,Quizlet,Notion,Khan Academy,Youtube Videos",,"Studying for course material,Seeking homework and exam help,Online tutoring,Organization",,"Notion,OneNote,Physical pen and paper notes,Other (please specify)",Obsidian,Yes,"Biology,Chemistry,Biology,Biomedicine & Pharmacy",,,,,,,HandM,,,,,,,,,,,,,
R_2Phg3WpsBhP1x0B,Recent graduate,Other social science subjects,,,Political Economy / Geography,,,,SS,Google Classroom,,"Studying for course material,Sharing study documents",,"OneNote,Physical pen and paper notes",,Yes,Economics,,,,,,,BandF,I have not shared any physical documents with my study group,,"Talked about topics out loud,Talked through a homework problem",,"Social media (Instagram, Twitter, Facebook, etc),Cloud Storage Services (Dropbox, Google Drive, etc)",,Notes you created,,,,,,
R_AtDWb6bLJUXTTgd,,,,,,,,,,,,,,,,,,,,,,,,,,,,,,,,,,,,,
R_31nFjgAt7ZYhNYb,Secondary / high school student,,,,,,,,,Anki,,,,Other (please specify),,,,,,,,,,,,,,,,,,,,,,,
R_3HwDJeWJA2Nuujs,Undergraduate student,Other STEM subjects (please specify),cognitive science,,,,,,STEM,Youtube Videos,,"Studying for course material,Seeking homework and exam help",,"Goodnotes,Notability,Google Docs,Physical pen and paper notes",,No,,,,,,,,,,,,,,,,,"Large student-made class group chats or discords,Instructor-assigned groups,Student clubs and organizations,Online forums",,"Slack,Discord",,
R_3O8lET1g6h2h3Cg,Undergraduate student,,,,,,,,,,,,,,,,,,,,,,,,,,,,,,,,,,,,
R_3PyRkO2J3Om1KoG,Undergraduate student,,,,,,,,,,,,,,,,,,,,,,,,,,,,,,,,,,,,
R_2ruUy9jwsjdTYz9,Undergraduate student,Computer Science,,,,,,,STEM,,,,,,,,,,,,,,,,,,,,,,,,,,,,
R_RbjlAE20W4eRHzz,Undergraduate student,,,,,,,,,,,,,,,,,,,,,,,,,,,,,,,,,,,,
R_3FWhKvOun1qUWRD,,,,,,,,,,,,,,,,,,,,,,,,,,,,,,,,,,,,,
R_01cGBmFF7vjY9Md,Undergraduate student,"Arts, Media & Design",,,,,,,AandH,"Canva,Quizlet,Notion,Youtube Videos",,"Studying for course material,Seeking homework and exam help,Organization",,"Google Docs,Physical pen and paper notes",,Yes,Biology,,,,,,,HandM,"Paper-pen notes,Printed-out typed notes,Written flashcards",,"Talked about topics out loud,Quizzed each other on topics",,"Text message (iMessage, SMS/MMS, etc),Email",,Website articles,,"Small student-made class group chats,Large student-made class group chats or discords",,I don't share resources online,,
R_24LP4QLkVcMI2UP,Undergraduate student,,,,,,,,,,,,,,,,,,,,,,,,,,,,,,,,,,,,
R_3jeqQpmKE6QIKof,Secondary / high school student,,,,,,,,,,,,,,,,,,,,,,,,,,,,,,,,,,,,
R_72nLsRFWf9MxGy5,,,,,,,,,,,,,,,,,,,,,,,,,,,,,,,,,,,,,
R_2tmuSeZaUOa6Jz7,Undergraduate student,"Computer Science,Law",,,,,,,STEM,,,,,,,,,,,,,,,,,,,,,,,,,,,,
R_UF5AzNZmmtvy7HX,,,,,,,,,,,,,,,,,,,,,,,,,,,,,,,,,,,,,
R_a9wDbvbCehKjlHr,Undergraduate student,Computer Science,,,,,,,STEM,,,,,,,,,,,,,,,,,,,,,,,,,,,,
R_2CvThJ3QzFWOYjX,Undergraduate student,Computer Science,,,,,,,STEM,Youtube Videos,,"Studying for course material,Seeking homework and exam help",,"Notability,Physical pen and paper notes",,,,,,,,,,,,,,,,,,,,,,,
R_Djx3XHJlJkDsdHj,,,,,,,,,,,,,,,,,,,,,,,,,,,,,,,,,,,,,
